title,keywords
Cara Investasi Bitcoin untuk Pemula 2024,bitcoin,investasi,pemula,crypto,2024
Panduan Lengkap Trading Crypto untuk Pemula,trading,crypto,pemula,strategi,binance
Review Exchange Binance 2024: Fitur dan Keamanan,binance,exchange,review,keamanan,trading
Mengenal Blockchain Technology dari Dasar,blockchain,teknologi,dasar,pemula,crypto
Strategi Portfolio Crypto yang Menguntungkan,portfolio,strategi,investasi,crypto,profit
Cara Aman Menyimpan Crypto di Wallet,wallet,keamanan,penyimpanan,crypto,private key
Analisis Market Bitcoin: Prediksi Harga 2024,bitcoin,analisis,prediksi,harga,market
10 Altcoin Potensial dengan ROI Tinggi,altcoin,potensial,roi,investasi,crypto
Panduan Mining Ethereum untuk Pemula,mining,ethereum,pemula,hardware,profit
NFT untuk Pemula: Panduan Lengkap Investasi,nft,pemula,investasi,digital asset,marketplace
